-- phpMyAdmin SQL Dump
-- version 4.7.9
-- https://www.phpmyadmin.net/
--
-- Host: 127.0.0.1
-- Generation Time: Jun 25, 2018 at 05:11 AM
-- Server version: 10.1.31-MariaDB
-- PHP Version: 7.2.3

SET SQL_MODE = "NO_AUTO_VALUE_ON_ZERO";
SET AUTOCOMMIT = 0;
START TRANSACTION;
SET time_zone = "+00:00";


/*!40101 SET @OLD_CHARACTER_SET_CLIENT=@@CHARACTER_SET_CLIENT */;
/*!40101 SET @OLD_CHARACTER_SET_RESULTS=@@CHARACTER_SET_RESULTS */;
/*!40101 SET @OLD_COLLATION_CONNECTION=@@COLLATION_CONNECTION */;
/*!40101 SET NAMES utf8mb4 */;

--
-- Database: `tops`
--

-- --------------------------------------------------------

--
-- Table structure for table `avatar`
--

CREATE TABLE `avatar` (
  `id` int(11) NOT NULL,
  `avatar` varchar(255) NOT NULL
) ENGINE=InnoDB DEFAULT CHARSET=latin1;

--
-- Dumping data for table `avatar`
--

INSERT INTO `avatar` (`id`, `avatar`) VALUES
(1, 'girl1'),
(2, 'girl2'),
(3, 'girl3'),
(4, 'girl4');

-- --------------------------------------------------------

--
-- Table structure for table `categories`
--

CREATE TABLE `categories` (
  `id` int(11) NOT NULL,
  `description` varchar(255) NOT NULL,
  `image` varchar(255) NOT NULL
) ENGINE=InnoDB DEFAULT CHARSET=latin1;

--
-- Dumping data for table `categories`
--

INSERT INTO `categories` (`id`, `description`, `image`) VALUES
(1, 'Retinoids', 'https://assets.escentual.com/media/catalog/category/The-Ordinary-Retinoids.png'),
(2, 'Vitamin C', 'https://assets.escentual.com/media/catalog/category/The-Ordinary-Vitamin-C.png'),
(3, 'Direct Acids', 'https://assets.escentual.com/media/catalog/category/The-Ordinary-Direct-Acids.png'),
(4, 'Hydrators and Oils', 'https://assets.escentual.com/media/catalog/category/The-Ordinary-Hydrators-Oils.png'),
(5, 'More Molecules', 'https://assets.escentual.com/media/catalog/category/The-Ordinary-More-Molecules.png');

-- --------------------------------------------------------

--
-- Table structure for table `checkout`
--

CREATE TABLE `checkout` (
  `id` int(11) NOT NULL,
  `user_id` int(11) NOT NULL,
  `items_id` int(11) NOT NULL,
  `quantity` int(11) NOT NULL,
  `subtotal_price` decimal(10,2) NOT NULL,
  `total_price` decimal(10,2) NOT NULL,
  `transaction_date` date NOT NULL,
  `reference_number` varchar(255) NOT NULL
) ENGINE=InnoDB DEFAULT CHARSET=latin1;

-- --------------------------------------------------------

--
-- Table structure for table `checkout_counter`
--

CREATE TABLE `checkout_counter` (
  `order_id` int(11) NOT NULL,
  `items_id` int(11) NOT NULL,
  `product` varchar(255) NOT NULL,
  `quantity` int(11) NOT NULL,
  `price` decimal(10,0) NOT NULL,
  `subtotal` decimal(10,0) NOT NULL,
  `total_price` decimal(10,0) NOT NULL,
  `date_of_order` datetime NOT NULL,
  `reference_number` varchar(255) NOT NULL
) ENGINE=InnoDB DEFAULT CHARSET=latin1;

--
-- Dumping data for table `checkout_counter`
--

INSERT INTO `checkout_counter` (`order_id`, `items_id`, `product`, `quantity`, `price`, `subtotal`, `total_price`, `date_of_order`, `reference_number`) VALUES
(1, 21, 'Marine Hyaluronics', 2, '650', '1300', '1300', '2018-05-21 18:52:34', 'new_order_id'),
(2, 21, 'Marine Hyaluronics', 1, '650', '650', '650', '2018-05-21 20:43:16', '4F2C20AA7A6C8356-1526906596'),
(3, 21, 'Marine Hyaluronics', 1, '650', '650', '650', '2018-05-21 21:09:42', '56AD93A5E568E5CE-1526908182'),
(4, 21, 'Marine Hyaluronics', 2, '650', '1300', '1300', '2018-06-11 01:45:04', 'DF19D1B52465139E-1528652704');

-- --------------------------------------------------------

--
-- Table structure for table `credit_card_type`
--

CREATE TABLE `credit_card_type` (
  `id` int(11) NOT NULL,
  `type` varchar(255) NOT NULL
) ENGINE=InnoDB DEFAULT CHARSET=latin1;

--
-- Dumping data for table `credit_card_type`
--

INSERT INTO `credit_card_type` (`id`, `type`) VALUES
(1, 'Visa'),
(2, 'Mastercard');

-- --------------------------------------------------------

--
-- Table structure for table `items`
--

CREATE TABLE `items` (
  `id` int(11) NOT NULL,
  `product_name` varchar(255) NOT NULL,
  `price` decimal(10,0) NOT NULL,
  `category_id` int(11) NOT NULL,
  `image` varchar(255) NOT NULL,
  `product_description` varchar(1000) NOT NULL,
  `instructions` varchar(1000) NOT NULL,
  `ingredients` varchar(1000) NOT NULL,
  `availability` int(11) NOT NULL
) ENGINE=InnoDB DEFAULT CHARSET=latin1;

--
-- Dumping data for table `items`
--

INSERT INTO `items` (`id`, `product_name`, `price`, `category_id`, `image`, `product_description`, `instructions`, `ingredients`, `availability`) VALUES
(1, 'Granactive Retinoid 2% in Squalene', '950', 1, 'https://d10qoa1dy3vloz.cloudfront.net/resized/680x854/slots-img/ord/ord034_theordinary_granactiveretinoid2insqualane_1560x1960-a4o1b.jpg', 'This water-free solution contains a 2% concentration of an advanced retinoid active complex called Granactive Retinoid that has been shown to offer better results against multiple signs of ageing than retinol without any of the irritation and drawbacks common with retinol. Granactive Retinoid, an active technology from Grant Industries, is a solubilized system of Hydroxypinacolone Retinoate, a highly-advanced form of retinoid which is, in fact, a non-prescription ester of all-trans direct retinoic acid that offers a multi-fold better effect against signs of ageing than retinol, retinyl palmitate and nearly all other forms of non-prescription retinoid.', 'Apply a small amount to face in the PM as part of your skincare regimen, after water serums but before heavier treatments. Do not use with other retinoid treatments. Avoid unprotected solar exposure. Store in a cool, dry place.', 'Squalane, C12-15 Alkyl Benzoate, Bisabolol, Dimethyl Isosorbide, Hydroxypinacolone Retinoate, Solanum Lycopersicum (Tomato) Fruit Extract, Simmondsia Chinensis (Jojoba) Seed Oil.', 3),
(2, 'Granactive Retinoid 5% in Squalene', '950', 1, 'https://d10qoa1dy3vloz.cloudfront.net/resized/680x854/slots-img/ord/ord027_theordinary_granactiveretinoid5insqualane_1560x1960-n2het.jpg', 'This water-free solution contains a 5% concentration of an advanced retinoid active complex called Granactive Retinoid that has been shown to offer better results against multiple signs of ageing than retinol without any of the irritation and drawbacks common with retinol. Granactive Retinoid, an active technology from Grant Industries, is a solubilized system of Hydroxypinacolone Retinoate, a highly-advanced form of retinoid which is, in fact, a non-prescription ester of all-trans direct retinoic acid that offers a multi-fold better effect against signs of ageing than retinol, retinyl palmitate and nearly all other forms of non-prescription retinoid. ', 'Apply a small amount to face in the PM as part of your skincare regimen, after water serums but before heavier treatments. Do not use with other retinoid treatments. Avoid unprotected solar exposure. Store in a cool, dry place.', 'Squalane, C12-15 Alkyl Benzoate, Bisabolol, Dimethyl Isosorbide, Hydroxypinacolone Retinoate, Solanum Lycopersicum (Tomato) Fruit Extract, Simmondsia Chinensis (Jojoba) Seed Oil.', 0),
(3, 'Retinol 0.2% in Squalene', '600', 1, 'https://d10qoa1dy3vloz.cloudfront.net/resized/680x854/slots-img/ord/ord037_theordinary_retinol0.2insqualane_1560x1960-9l6yw.jpg', 'Lorem ipsum dolor sit amet, consectetur adipisicing elit, sed do eiusmod\r\n	tempor incididunt ut labore et dolore magna aliqua. Ut enim ad minim veniam,\r\n	quis nostrud exercitation ullamco laboris nisi ut aliquip ex ea commodo\r\n	consequat. Duis aute irure dolor in reprehenderit in voluptate velit esse\r\n	cillum dolore eu fugiat nulla pariatur. Excepteur sint occaecat cupidatat non\r\n	proident, sunt in culpa qui officia deserunt mollit anim id est laborum.', 'Lorem ipsum dolor sit amet, consectetur adipisicing elit, sed do eiusmod\r\n	tempor incididunt ut labore et dolore magna aliqua. Ut enim ad minim veniam,\r\n	quis nostrud exercitation ullamco laboris nisi ut aliquip ex ea commodo\r\n	consequat. Duis aute irure dolor in reprehenderit in voluptate velit esse\r\n	cillum dolore eu fugiat nulla pariatur. Excepteur sint occaecat cupidatat non\r\n	proident, sunt in culpa qui officia deserunt mollit anim id est laborum.', 'Lorem ipsum dolor sit amet, consectetur adipisicing elit, sed do eiusmod\r\n	tempor incididunt ut labore et dolore magna aliqua. Ut enim ad minim veniam,\r\n	quis nostrud exercitation ullamco laboris nisi ut aliquip ex ea commodo\r\n	consequat. Duis aute irure dolor in reprehenderit in voluptate velit esse\r\n	cillum dolore eu fugiat nulla pariatur. Excepteur sint occaecat cupidatat non\r\n	proident, sunt in culpa qui officia deserunt mollit anim id est laborum.', 0),
(4, 'Retinol 0.5% in Squalene', '700', 1, 'https://d10qoa1dy3vloz.cloudfront.net/resized/680x854/slots-img/ord/ord038_theordinary_retinol0.5insqualane_1560x1960-hulz0.jpg', 'Lorem ipsum dolor sit amet, consectetur adipisicing elit, sed do eiusmod\r\n	tempor incididunt ut labore et dolore magna aliqua. Ut enim ad minim veniam,\r\n	quis nostrud exercitation ullamco laboris nisi ut aliquip ex ea commodo\r\n	consequat. Duis aute irure dolor in reprehenderit in voluptate velit esse\r\n	cillum dolore eu fugiat nulla pariatur. Excepteur sint occaecat cupidatat non\r\n	proident, sunt in culpa qui officia deserunt mollit anim id est laborum.', 'Lorem ipsum dolor sit amet, consectetur adipisicing elit, sed do eiusmod\r\n	tempor incididunt ut labore et dolore magna aliqua. Ut enim ad minim veniam,\r\n	quis nostrud exercitation ullamco laboris nisi ut aliquip ex ea commodo\r\n	consequat. Duis aute irure dolor in reprehenderit in voluptate velit esse\r\n	cillum dolore eu fugiat nulla pariatur. Excepteur sint occaecat cupidatat non\r\n	proident, sunt in culpa qui officia deserunt mollit anim id est laborum.', 'Lorem ipsum dolor sit amet, consectetur adipisicing elit, sed do eiusmod\r\n	tempor incididunt ut labore et dolore magna aliqua. Ut enim ad minim veniam,\r\n	quis nostrud exercitation ullamco laboris nisi ut aliquip ex ea commodo\r\n	consequat. Duis aute irure dolor in reprehenderit in voluptate velit esse\r\n	cillum dolore eu fugiat nulla pariatur. Excepteur sint occaecat cupidatat non\r\n	proident, sunt in culpa qui officia deserunt mollit anim id est laborum.', 0),
(5, 'Retinol 1% in Squalene', '750', 1, 'https://d10qoa1dy3vloz.cloudfront.net/resized/680x854/slots-img/ord/ord025_theordinary_retinol1insqualane_1560x1960-qleug.jpg', 'Lorem ipsum dolor sit amet, consectetur adipisicing elit, sed do eiusmod\r\n	tempor incididunt ut labore et dolore magna aliqua. Ut enim ad minim veniam,\r\n	quis nostrud exercitation ullamco laboris nisi ut aliquip ex ea commodo\r\n	consequat. Duis aute irure dolor in reprehenderit in voluptate velit esse\r\n	cillum dolore eu fugiat nulla pariatur. Excepteur sint occaecat cupidatat non\r\n	proident, sunt in culpa qui officia deserunt mollit anim id est laborum.', 'Lorem ipsum dolor sit amet, consectetur adipisicing elit, sed do eiusmod\r\n	tempor incididunt ut labore et dolore magna aliqua. Ut enim ad minim veniam,\r\n	quis nostrud exercitation ullamco laboris nisi ut aliquip ex ea commodo\r\n	consequat. Duis aute irure dolor in reprehenderit in voluptate velit esse\r\n	cillum dolore eu fugiat nulla pariatur. Excepteur sint occaecat cupidatat non\r\n	proident, sunt in culpa qui officia deserunt mollit anim id est laborum.', 'Lorem ipsum dolor sit amet, consectetur adipisicing elit, sed do eiusmod\r\n	tempor incididunt ut labore et dolore magna aliqua. Ut enim ad minim veniam,\r\n	quis nostrud exercitation ullamco laboris nisi ut aliquip ex ea commodo\r\n	consequat. Duis aute irure dolor in reprehenderit in voluptate velit esse\r\n	cillum dolore eu fugiat nulla pariatur. Excepteur sint occaecat cupidatat non\r\n	proident, sunt in culpa qui officia deserunt mollit anim id est laborum.', 0),
(6, 'Vitamin C Suspension 30% in Silicone', '700', 2, 'https://d10qoa1dy3vloz.cloudfront.net/resized/680x854/slots-img/ord/ord023_theordinary_vitamincsupspension30silicone_1_1560x1960-vczp3.jpg', 'Lorem ipsum dolor sit amet, consectetur adipisicing elit, sed do eiusmod\r\n	tempor incididunt ut labore et dolore magna aliqua. Ut enim ad minim veniam,\r\n	quis nostrud exercitation ullamco laboris nisi ut aliquip ex ea commodo\r\n	consequat. Duis aute irure dolor in reprehenderit in voluptate velit esse\r\n	cillum dolore eu fugiat nulla pariatur. Excepteur sint occaecat cupidatat non\r\n	proident, sunt in culpa qui officia deserunt mollit anim id est laborum.', 'Lorem ipsum dolor sit amet, consectetur adipisicing elit, sed do eiusmod\r\n	tempor incididunt ut labore et dolore magna aliqua. Ut enim ad minim veniam,\r\n	quis nostrud exercitation ullamco laboris nisi ut aliquip ex ea commodo\r\n	consequat. Duis aute irure dolor in reprehenderit in voluptate velit esse\r\n	cillum dolore eu fugiat nulla pariatur. Excepteur sint occaecat cupidatat non\r\n	proident, sunt in culpa qui officia deserunt mollit anim id est laborum.', 'Lorem ipsum dolor sit amet, consectetur adipisicing elit, sed do eiusmod\r\n	tempor incididunt ut labore et dolore magna aliqua. Ut enim ad minim veniam,\r\n	quis nostrud exercitation ullamco laboris nisi ut aliquip ex ea commodo\r\n	consequat. Duis aute irure dolor in reprehenderit in voluptate velit esse\r\n	cillum dolore eu fugiat nulla pariatur. Excepteur sint occaecat cupidatat non\r\n	proident, sunt in culpa qui officia deserunt mollit anim id est laborum.', 0),
(10, 'Magnesium Ascorbyl Phosphate 10%', '900', 2, 'https://d10qoa1dy3vloz.cloudfront.net/resized/680x854/slots-img/ord/ord019_theordinary_magnesiumascorbylphosphate_1560x1960-8d8wr.jpg', 'Lorem ipsum dolor sit amet, consectetur adipisicing elit, sed do eiusmod\r\n	tempor incididunt ut labore et dolore magna aliqua. Ut enim ad minim veniam,\r\n	quis nostrud exercitation ullamco laboris nisi ut aliquip ex ea commodo\r\n	consequat. Duis aute irure dolor in reprehenderit in voluptate velit esse\r\n	cillum dolore eu fugiat nulla pariatur. Excepteur sint occaecat cupidatat non\r\n	proident, sunt in culpa qui officia deserunt mollit anim id est laborum.', 'Lorem ipsum dolor sit amet, consectetur adipisicing elit, sed do eiusmod\r\n	tempor incididunt ut labore et dolore magna aliqua. Ut enim ad minim veniam,\r\n	quis nostrud exercitation ullamco laboris nisi ut aliquip ex ea commodo\r\n	consequat. Duis aute irure dolor in reprehenderit in voluptate velit esse\r\n	cillum dolore eu fugiat nulla pariatur. Excepteur sint occaecat cupidatat non\r\n	proident, sunt in culpa qui officia deserunt mollit anim id est laborum.', 'Lorem ipsum dolor sit amet, consectetur adipisicing elit, sed do eiusmod\r\n	tempor incididunt ut labore et dolore magna aliqua. Ut enim ad minim veniam,\r\n	quis nostrud exercitation ullamco laboris nisi ut aliquip ex ea commodo\r\n	consequat. Duis aute irure dolor in reprehenderit in voluptate velit esse\r\n	cillum dolore eu fugiat nulla pariatur. Excepteur sint occaecat cupidatat non\r\n	proident, sunt in culpa qui officia deserunt mollit anim id est laborum.', 0),
(11, 'Glycolic Acid 7% Toning Solution', '750', 3, 'https://d10qoa1dy3vloz.cloudfront.net/resized/680x854/slots-img/ord/ord010_theordinary_glycolicacid7toning-solution_1560x1960-ug5ar.jpg', 'Lorem ipsum dolor sit amet, consectetur adipisicing elit, sed do eiusmod\r\n	tempor incididunt ut labore et dolore magna aliqua. Ut enim ad minim veniam,\r\n	quis nostrud exercitation ullamco laboris nisi ut aliquip ex ea commodo\r\n	consequat. Duis aute irure dolor in reprehenderit in voluptate velit esse\r\n	cillum dolore eu fugiat nulla pariatur. Excepteur sint occaecat cupidatat non\r\n	proident, sunt in culpa qui officia deserunt mollit anim id est laborum.', 'Lorem ipsum dolor sit amet, consectetur adipisicing elit, sed do eiusmod\r\n	tempor incididunt ut labore et dolore magna aliqua. Ut enim ad minim veniam,\r\n	quis nostrud exercitation ullamco laboris nisi ut aliquip ex ea commodo\r\n	consequat. Duis aute irure dolor in reprehenderit in voluptate velit esse\r\n	cillum dolore eu fugiat nulla pariatur. Excepteur sint occaecat cupidatat non\r\n	proident, sunt in culpa qui officia deserunt mollit anim id est laborum.', 'Lorem ipsum dolor sit amet, consectetur adipisicing elit, sed do eiusmod\r\n	tempor incididunt ut labore et dolore magna aliqua. Ut enim ad minim veniam,\r\n	quis nostrud exercitation ullamco laboris nisi ut aliquip ex ea commodo\r\n	consequat. Duis aute irure dolor in reprehenderit in voluptate velit esse\r\n	cillum dolore eu fugiat nulla pariatur. Excepteur sint occaecat cupidatat non\r\n	proident, sunt in culpa qui officia deserunt mollit anim id est laborum.', 0),
(12, 'Salicylic Acid 2% Solution', '600', 3, 'https://d10qoa1dy3vloz.cloudfront.net/resized/680x854/slots-img/ord/ord012_theordinary_salicylicacid2solution_1560x1960-m1hpe.jpg', 'Lorem ipsum dolor sit amet, consectetur adipisicing elit, sed do eiusmod\r\n	tempor incididunt ut labore et dolore magna aliqua. Ut enim ad minim veniam,\r\n	quis nostrud exercitation ullamco laboris nisi ut aliquip ex ea commodo\r\n	consequat. Duis aute irure dolor in reprehenderit in voluptate velit esse\r\n	cillum dolore eu fugiat nulla pariatur. Excepteur sint occaecat cupidatat non\r\n	proident, sunt in culpa qui officia deserunt mollit anim id est laborum.', 'Lorem ipsum dolor sit amet, consectetur adipisicing elit, sed do eiusmod\r\n	tempor incididunt ut labore et dolore magna aliqua. Ut enim ad minim veniam,\r\n	quis nostrud exercitation ullamco laboris nisi ut aliquip ex ea commodo\r\n	consequat. Duis aute irure dolor in reprehenderit in voluptate velit esse\r\n	cillum dolore eu fugiat nulla pariatur. Excepteur sint occaecat cupidatat non\r\n	proident, sunt in culpa qui officia deserunt mollit anim id est laborum.', 'Lorem ipsum dolor sit amet, consectetur adipisicing elit, sed do eiusmod\r\n	tempor incididunt ut labore et dolore magna aliqua. Ut enim ad minim veniam,\r\n	quis nostrud exercitation ullamco laboris nisi ut aliquip ex ea commodo\r\n	consequat. Duis aute irure dolor in reprehenderit in voluptate velit esse\r\n	cillum dolore eu fugiat nulla pariatur. Excepteur sint occaecat cupidatat non\r\n	proident, sunt in culpa qui officia deserunt mollit anim id est laborum.', 0),
(13, 'Azelaic Acid Suspension 10%', '750', 3, 'https://d10qoa1dy3vloz.cloudfront.net/resized/680x854/slots-img/ord/ord029_theordinary_azelaidacidsuspension10_1560x1960-z0gdm.jpg', 'Lorem ipsum dolor sit amet, consectetur adipisicing elit, sed do eiusmod\r\n	tempor incididunt ut labore et dolore magna aliqua. Ut enim ad minim veniam,\r\n	quis nostrud exercitation ullamco laboris nisi ut aliquip ex ea commodo\r\n	consequat. Duis aute irure dolor in reprehenderit in voluptate velit esse\r\n	cillum dolore eu fugiat nulla pariatur. Excepteur sint occaecat cupidatat non\r\n	proident, sunt in culpa qui officia deserunt mollit anim id est laborum.', 'Lorem ipsum dolor sit amet, consectetur adipisicing elit, sed do eiusmod\r\n	tempor incididunt ut labore et dolore magna aliqua. Ut enim ad minim veniam,\r\n	quis nostrud exercitation ullamco laboris nisi ut aliquip ex ea commodo\r\n	consequat. Duis aute irure dolor in reprehenderit in voluptate velit esse\r\n	cillum dolore eu fugiat nulla pariatur. Excepteur sint occaecat cupidatat non\r\n	proident, sunt in culpa qui officia deserunt mollit anim id est laborum.', 'Lorem ipsum dolor sit amet, consectetur adipisicing elit, sed do eiusmod\r\n	tempor incididunt ut labore et dolore magna aliqua. Ut enim ad minim veniam,\r\n	quis nostrud exercitation ullamco laboris nisi ut aliquip ex ea commodo\r\n	consequat. Duis aute irure dolor in reprehenderit in voluptate velit esse\r\n	cillum dolore eu fugiat nulla pariatur. Excepteur sint occaecat cupidatat non\r\n	proident, sunt in culpa qui officia deserunt mollit anim id est laborum.', 0),
(14, 'Lactic Acid 5% + HA', '650', 3, 'https://d10qoa1dy3vloz.cloudfront.net/resized/680x854/slots-img/ord/ord030_theordinary_lacticacid5ha2_1560x1960-e0gb8.jpg', 'Lorem ipsum dolor sit amet, consectetur adipisicing elit, sed do eiusmod\r\n	tempor incididunt ut labore et dolore magna aliqua. Ut enim ad minim veniam,\r\n	quis nostrud exercitation ullamco laboris nisi ut aliquip ex ea commodo\r\n	consequat. Duis aute irure dolor in reprehenderit in voluptate velit esse\r\n	cillum dolore eu fugiat nulla pariatur. Excepteur sint occaecat cupidatat non\r\n	proident, sunt in culpa qui officia deserunt mollit anim id est laborum.', 'Lorem ipsum dolor sit amet, consectetur adipisicing elit, sed do eiusmod\r\n	tempor incididunt ut labore et dolore magna aliqua. Ut enim ad minim veniam,\r\n	quis nostrud exercitation ullamco laboris nisi ut aliquip ex ea commodo\r\n	consequat. Duis aute irure dolor in reprehenderit in voluptate velit esse\r\n	cillum dolore eu fugiat nulla pariatur. Excepteur sint occaecat cupidatat non\r\n	proident, sunt in culpa qui officia deserunt mollit anim id est laborum.', 'Lorem ipsum dolor sit amet, consectetur adipisicing elit, sed do eiusmod\r\n	tempor incididunt ut labore et dolore magna aliqua. Ut enim ad minim veniam,\r\n	quis nostrud exercitation ullamco laboris nisi ut aliquip ex ea commodo\r\n	consequat. Duis aute irure dolor in reprehenderit in voluptate velit esse\r\n	cillum dolore eu fugiat nulla pariatur. Excepteur sint occaecat cupidatat non\r\n	proident, sunt in culpa qui officia deserunt mollit anim id est laborum.', 0),
(15, 'Lactic Acid 10% + HA', '650', 3, 'https://d10qoa1dy3vloz.cloudfront.net/resized/680x854/slots-img/ord/ord015_theordinary_lacticacid_1_1560x1960-vaj92.jpg', 'Lorem ipsum dolor sit amet, consectetur adipisicing elit, sed do eiusmod\r\n	tempor incididunt ut labore et dolore magna aliqua. Ut enim ad minim veniam,\r\n	quis nostrud exercitation ullamco laboris nisi ut aliquip ex ea commodo\r\n	consequat. Duis aute irure dolor in reprehenderit in voluptate velit esse\r\n	cillum dolore eu fugiat nulla pariatur. Excepteur sint occaecat cupidatat non\r\n	proident, sunt in culpa qui officia deserunt mollit anim id est laborum.', 'Lorem ipsum dolor sit amet, consectetur adipisicing elit, sed do eiusmod\r\n	tempor incididunt ut labore et dolore magna aliqua. Ut enim ad minim veniam,\r\n	quis nostrud exercitation ullamco laboris nisi ut aliquip ex ea commodo\r\n	consequat. Duis aute irure dolor in reprehenderit in voluptate velit esse\r\n	cillum dolore eu fugiat nulla pariatur. Excepteur sint occaecat cupidatat non\r\n	proident, sunt in culpa qui officia deserunt mollit anim id est laborum.', 'Lorem ipsum dolor sit amet, consectetur adipisicing elit, sed do eiusmod\r\n	tempor incididunt ut labore et dolore magna aliqua. Ut enim ad minim veniam,\r\n	quis nostrud exercitation ullamco laboris nisi ut aliquip ex ea commodo\r\n	consequat. Duis aute irure dolor in reprehenderit in voluptate velit esse\r\n	cillum dolore eu fugiat nulla pariatur. Excepteur sint occaecat cupidatat non\r\n	proident, sunt in culpa qui officia deserunt mollit anim id est laborum.', 0),
(17, 'Mandelic Acid 10% + HA', '650', 3, 'https://d10qoa1dy3vloz.cloudfront.net/resized/680x854/slots-img/ord/ord040_theordinary_mandelicacid10ha_1_1560x1960-g1cmk.jpg', 'This water-free solution contains a 2% concentration of an advanced retinoid active complex called Granactive Retinoid that has been shown to offer better results against multiple signs of ageing than retinol without any of the irritation and drawbacks common with retinol. Granactive Retinoid, an active technology from Grant Industries, is a solubilized system of Hydroxypinacolone Retinoate, a highly-advanced form of retinoid which is, in fact, a non-prescription ester of all-trans direct retinoic acid that offers a multi-fold better effect against signs of ageing than retinol, retinyl palmitate and nearly all other forms of non-prescription retinoid.', 'Apply a small amount to face in the PM as part of your skincare regimen, after water serums but before heavier treatments. Do not use with other retinoid treatments. Avoid unprotected solar exposure. Store in a cool, dry place.', 'Squalane, C12-15 Alkyl Benzoate, Bisabolol, Dimethyl Isosorbide, Hydroxypinacolone Retinoate, Solanum Lycopersicum (Tomato) Fruit Extract, Simmondsia Chinensis (Jojoba) Seed Oil.', 0),
(18, 'AHA 30% + BHA 2% Peeling Solution', '750', 3, 'https://d10qoa1dy3vloz.cloudfront.net/resized/680x854/slots-img/ord/ord011_theordinary_aha30bha2peelingsolution_1_1560x1960-6iwul.jpg', 'This water-free solution contains a 5% concentration of an advanced retinoid active complex called Granactive Retinoid that has been shown to offer better results against multiple signs of ageing than retinol without any of the irritation and drawbacks common with retinol. Granactive Retinoid, an active technology from Grant Industries, is a solubilized system of Hydroxypinacolone Retinoate, a highly-advanced form of retinoid which is, in fact, a non-prescription ester of all-trans direct retinoic acid that offers a multi-fold better effect against signs of ageing than retinol, retinyl palmitate and nearly all other forms of non-prescription retinoid. ', 'Apply a small amount to face in the PM as part of your skincare regimen, after water serums but before heavier treatments. Do not use with other retinoid treatments. Avoid unprotected solar exposure. Store in a cool, dry place.', 'Squalane, C12-15 Alkyl Benzoate, Bisabolol, Dimethyl Isosorbide, Hydroxypinacolone Retinoate, Solanum Lycopersicum (Tomato) Fruit Extract, Simmondsia Chinensis (Jojoba) Seed Oil.', 0),
(19, 'Alpha Lipoic Acid 5%', '650', 3, 'https://d10qoa1dy3vloz.cloudfront.net/resized/680x854/slots-img/ord/ord020_theordinary_alphalipoicacid_1560x1960-h54ha.jpg', 'Lorem ipsum dolor sit amet, consectetur adipisicing elit, sed do eiusmod\r\n	tempor incididunt ut labore et dolore magna aliqua. Ut enim ad minim veniam,\r\n	quis nostrud exercitation ullamco laboris nisi ut aliquip ex ea commodo\r\n	consequat. Duis aute irure dolor in reprehenderit in voluptate velit esse\r\n	cillum dolore eu fugiat nulla pariatur. Excepteur sint occaecat cupidatat non\r\n	proident, sunt in culpa qui officia deserunt mollit anim id est laborum.', 'Lorem ipsum dolor sit amet, consectetur adipisicing elit, sed do eiusmod\r\n	tempor incididunt ut labore et dolore magna aliqua. Ut enim ad minim veniam,\r\n	quis nostrud exercitation ullamco laboris nisi ut aliquip ex ea commodo\r\n	consequat. Duis aute irure dolor in reprehenderit in voluptate velit esse\r\n	cillum dolore eu fugiat nulla pariatur. Excepteur sint occaecat cupidatat non\r\n	proident, sunt in culpa qui officia deserunt mollit anim id est laborum.', 'Lorem ipsum dolor sit amet, consectetur adipisicing elit, sed do eiusmod\r\n	tempor incididunt ut labore et dolore magna aliqua. Ut enim ad minim veniam,\r\n	quis nostrud exercitation ullamco laboris nisi ut aliquip ex ea commodo\r\n	consequat. Duis aute irure dolor in reprehenderit in voluptate velit esse\r\n	cillum dolore eu fugiat nulla pariatur. Excepteur sint occaecat cupidatat non\r\n	proident, sunt in culpa qui officia deserunt mollit anim id est laborum.', 0),
(20, 'Hyaluronic Acid 2% + B5', '650', 4, 'https://d10qoa1dy3vloz.cloudfront.net/resized/680x854/slots-img/ord/ord001_theordinary_hyaluronicacid2_b5_1560x1960-0sohq.jpg', 'Lorem ipsum dolor sit amet, consectetur adipisicing elit, sed do eiusmod\r\n	tempor incididunt ut labore et dolore magna aliqua. Ut enim ad minim veniam,\r\n	quis nostrud exercitation ullamco laboris nisi ut aliquip ex ea commodo\r\n	consequat. Duis aute irure dolor in reprehenderit in voluptate velit esse\r\n	cillum dolore eu fugiat nulla pariatur. Excepteur sint occaecat cupidatat non\r\n	proident, sunt in culpa qui officia deserunt mollit anim id est laborum.', 'Lorem ipsum dolor sit amet, consectetur adipisicing elit, sed do eiusmod\r\n	tempor incididunt ut labore et dolore magna aliqua. Ut enim ad minim veniam,\r\n	quis nostrud exercitation ullamco laboris nisi ut aliquip ex ea commodo\r\n	consequat. Duis aute irure dolor in reprehenderit in voluptate velit esse\r\n	cillum dolore eu fugiat nulla pariatur. Excepteur sint occaecat cupidatat non\r\n	proident, sunt in culpa qui officia deserunt mollit anim id est laborum.', 'Lorem ipsum dolor sit amet, consectetur adipisicing elit, sed do eiusmod\r\n	tempor incididunt ut labore et dolore magna aliqua. Ut enim ad minim veniam,\r\n	quis nostrud exercitation ullamco laboris nisi ut aliquip ex ea commodo\r\n	consequat. Duis aute irure dolor in reprehenderit in voluptate velit esse\r\n	cillum dolore eu fugiat nulla pariatur. Excepteur sint occaecat cupidatat non\r\n	proident, sunt in culpa qui officia deserunt mollit anim id est laborum.', 0),
(21, 'Marine Hyaluronics', '650', 4, 'https://d10qoa1dy3vloz.cloudfront.net/resized/680x854/slots-img/ord/ord039_theordinary_marinehyaluronics_1_1560x1960-jhgm7.jpg', 'Lorem ipsum dolor sit amet, consectetur adipisicing elit, sed do eiusmod\r\n	tempor incididunt ut labore et dolore magna aliqua. Ut enim ad minim veniam,\r\n	quis nostrud exercitation ullamco laboris nisi ut aliquip ex ea commodo\r\n	consequat. Duis aute irure dolor in reprehenderit in voluptate velit esse\r\n	cillum dolore eu fugiat nulla pariatur. Excepteur sint occaecat cupidatat non\r\n	proident, sunt in culpa qui officia deserunt mollit anim id est laborum.', 'Lorem ipsum dolor sit amet, consectetur adipisicing elit, sed do eiusmod\r\n	tempor incididunt ut labore et dolore magna aliqua. Ut enim ad minim veniam,\r\n	quis nostrud exercitation ullamco laboris nisi ut aliquip ex ea commodo\r\n	consequat. Duis aute irure dolor in reprehenderit in voluptate velit esse\r\n	cillum dolore eu fugiat nulla pariatur. Excepteur sint occaecat cupidatat non\r\n	proident, sunt in culpa qui officia deserunt mollit anim id est laborum.', 'Lorem ipsum dolor sit amet, consectetur adipisicing elit, sed do eiusmod\r\n	tempor incididunt ut labore et dolore magna aliqua. Ut enim ad minim veniam,\r\n	quis nostrud exercitation ullamco laboris nisi ut aliquip ex ea commodo\r\n	consequat. Duis aute irure dolor in reprehenderit in voluptate velit esse\r\n	cillum dolore eu fugiat nulla pariatur. Excepteur sint occaecat cupidatat non\r\n	proident, sunt in culpa qui officia deserunt mollit anim id est laborum.', 0),
(22, 'Natural Moisturizing Factors + HA', '800', 4, 'https://d10qoa1dy3vloz.cloudfront.net/resized/680x854/slots-img/ord/ord035_theordinary_naturalmoisturizingfactorsha_1560x1960-dpq14.jpg', 'Lorem ipsum dolor sit amet, consectetur adipisicing elit, sed do eiusmod\r\n	tempor incididunt ut labore et dolore magna aliqua. Ut enim ad minim veniam,\r\n	quis nostrud exercitation ullamco laboris nisi ut aliquip ex ea commodo\r\n	consequat. Duis aute irure dolor in reprehenderit in voluptate velit esse\r\n	cillum dolore eu fugiat nulla pariatur. Excepteur sint occaecat cupidatat non\r\n	proident, sunt in culpa qui officia deserunt mollit anim id est laborum.', 'Lorem ipsum dolor sit amet, consectetur adipisicing elit, sed do eiusmod\r\n	tempor incididunt ut labore et dolore magna aliqua. Ut enim ad minim veniam,\r\n	quis nostrud exercitation ullamco laboris nisi ut aliquip ex ea commodo\r\n	consequat. Duis aute irure dolor in reprehenderit in voluptate velit esse\r\n	cillum dolore eu fugiat nulla pariatur. Excepteur sint occaecat cupidatat non\r\n	proident, sunt in culpa qui officia deserunt mollit anim id est laborum.', 'Lorem ipsum dolor sit amet, consectetur adipisicing elit, sed do eiusmod\r\n	tempor incididunt ut labore et dolore magna aliqua. Ut enim ad minim veniam,\r\n	quis nostrud exercitation ullamco laboris nisi ut aliquip ex ea commodo\r\n	consequat. Duis aute irure dolor in reprehenderit in voluptate velit esse\r\n	cillum dolore eu fugiat nulla pariatur. Excepteur sint occaecat cupidatat non\r\n	proident, sunt in culpa qui officia deserunt mollit anim id est laborum.', 0),
(23, '100% Plant-Derived Squalene', '850', 4, 'https://d10qoa1dy3vloz.cloudfront.net/resized/680x854/slots-img/ord/ord016_theordinary_plant-derivedsqualane_1560x1960-kgos0.jpg', 'Lorem ipsum dolor sit amet, consectetur adipisicing elit, sed do eiusmod\r\n	tempor incididunt ut labore et dolore magna aliqua. Ut enim ad minim veniam,\r\n	quis nostrud exercitation ullamco laboris nisi ut aliquip ex ea commodo\r\n	consequat. Duis aute irure dolor in reprehenderit in voluptate velit esse\r\n	cillum dolore eu fugiat nulla pariatur. Excepteur sint occaecat cupidatat non\r\n	proident, sunt in culpa qui officia deserunt mollit anim id est laborum.', 'Lorem ipsum dolor sit amet, consectetur adipisicing elit, sed do eiusmod\r\n	tempor incididunt ut labore et dolore magna aliqua. Ut enim ad minim veniam,\r\n	quis nostrud exercitation ullamco laboris nisi ut aliquip ex ea commodo\r\n	consequat. Duis aute irure dolor in reprehenderit in voluptate velit esse\r\n	cillum dolore eu fugiat nulla pariatur. Excepteur sint occaecat cupidatat non\r\n	proident, sunt in culpa qui officia deserunt mollit anim id est laborum.', 'Lorem ipsum dolor sit amet, consectetur adipisicing elit, sed do eiusmod\r\n	tempor incididunt ut labore et dolore magna aliqua. Ut enim ad minim veniam,\r\n	quis nostrud exercitation ullamco laboris nisi ut aliquip ex ea commodo\r\n	consequat. Duis aute irure dolor in reprehenderit in voluptate velit esse\r\n	cillum dolore eu fugiat nulla pariatur. Excepteur sint occaecat cupidatat non\r\n	proident, sunt in culpa qui officia deserunt mollit anim id est laborum.', 0),
(24, '100% Organic Cold-Pressed Rosehip Seed Oil', '850', 4, 'https://d10qoa1dy3vloz.cloudfront.net/resized/680x854/slots-img/ord/ord028_theordinary_100organiccold-pressedrosehipseedoil_1560x1960-ro1km.jpg', 'Lorem ipsum dolor sit amet, consectetur adipisicing elit, sed do eiusmod\r\n	tempor incididunt ut labore et dolore magna aliqua. Ut enim ad minim veniam,\r\n	quis nostrud exercitation ullamco laboris nisi ut aliquip ex ea commodo\r\n	consequat. Duis aute irure dolor in reprehenderit in voluptate velit esse\r\n	cillum dolore eu fugiat nulla pariatur. Excepteur sint occaecat cupidatat non\r\n	proident, sunt in culpa qui officia deserunt mollit anim id est laborum.', 'Lorem ipsum dolor sit amet, consectetur adipisicing elit, sed do eiusmod\r\n	tempor incididunt ut labore et dolore magna aliqua. Ut enim ad minim veniam,\r\n	quis nostrud exercitation ullamco laboris nisi ut aliquip ex ea commodo\r\n	consequat. Duis aute irure dolor in reprehenderit in voluptate velit esse\r\n	cillum dolore eu fugiat nulla pariatur. Excepteur sint occaecat cupidatat non\r\n	proident, sunt in culpa qui officia deserunt mollit anim id est laborum.', 'Lorem ipsum dolor sit amet, consectetur adipisicing elit, sed do eiusmod\r\n	tempor incididunt ut labore et dolore magna aliqua. Ut enim ad minim veniam,\r\n	quis nostrud exercitation ullamco laboris nisi ut aliquip ex ea commodo\r\n	consequat. Duis aute irure dolor in reprehenderit in voluptate velit esse\r\n	cillum dolore eu fugiat nulla pariatur. Excepteur sint occaecat cupidatat non\r\n	proident, sunt in culpa qui officia deserunt mollit anim id est laborum.', 0),
(25, '100% Organic Cold-Pressed Argan Oil', '650', 4, 'https://d10qoa1dy3vloz.cloudfront.net/resized/680x854/slots-img/ord/ord031_theordinary_100organiccold-pressedmoroccanarganoil30ml_1560x1960-ub85d.jpg', 'Lorem ipsum dolor sit amet, consectetur adipisicing elit, sed do eiusmod\r\n	tempor incididunt ut labore et dolore magna aliqua. Ut enim ad minim veniam,\r\n	quis nostrud exercitation ullamco laboris nisi ut aliquip ex ea commodo\r\n	consequat. Duis aute irure dolor in reprehenderit in voluptate velit esse\r\n	cillum dolore eu fugiat nulla pariatur. Excepteur sint occaecat cupidatat non\r\n	proident, sunt in culpa qui officia deserunt mollit anim id est laborum.', 'Lorem ipsum dolor sit amet, consectetur adipisicing elit, sed do eiusmod\r\n	tempor incididunt ut labore et dolore magna aliqua. Ut enim ad minim veniam,\r\n	quis nostrud exercitation ullamco laboris nisi ut aliquip ex ea commodo\r\n	consequat. Duis aute irure dolor in reprehenderit in voluptate velit esse\r\n	cillum dolore eu fugiat nulla pariatur. Excepteur sint occaecat cupidatat non\r\n	proident, sunt in culpa qui officia deserunt mollit anim id est laborum.', 'Lorem ipsum dolor sit amet, consectetur adipisicing elit, sed do eiusmod\r\n	tempor incididunt ut labore et dolore magna aliqua. Ut enim ad minim veniam,\r\n	quis nostrud exercitation ullamco laboris nisi ut aliquip ex ea commodo\r\n	consequat. Duis aute irure dolor in reprehenderit in voluptate velit esse\r\n	cillum dolore eu fugiat nulla pariatur. Excepteur sint occaecat cupidatat non\r\n	proident, sunt in culpa qui officia deserunt mollit anim id est laborum.', 0),
(26, '100% Cold-Pressed Virgin Marula Oil', '900', 4, 'https://d10qoa1dy3vloz.cloudfront.net/resized/680x854/slots-img/ord/ord032_theordinary_100organiccold-pressedvirginmarulaoil30ml_1560x1960-gtosc.jpg', 'Lorem ipsum dolor sit amet, consectetur adipisicing elit, sed do eiusmod\r\n	tempor incididunt ut labore et dolore magna aliqua. Ut enim ad minim veniam,\r\n	quis nostrud exercitation ullamco laboris nisi ut aliquip ex ea commodo\r\n	consequat. Duis aute irure dolor in reprehenderit in voluptate velit esse\r\n	cillum dolore eu fugiat nulla pariatur. Excepteur sint occaecat cupidatat non\r\n	proident, sunt in culpa qui officia deserunt mollit anim id est laborum.', 'Lorem ipsum dolor sit amet, consectetur adipisicing elit, sed do eiusmod\r\n	tempor incididunt ut labore et dolore magna aliqua. Ut enim ad minim veniam,\r\n	quis nostrud exercitation ullamco laboris nisi ut aliquip ex ea commodo\r\n	consequat. Duis aute irure dolor in reprehenderit in voluptate velit esse\r\n	cillum dolore eu fugiat nulla pariatur. Excepteur sint occaecat cupidatat non\r\n	proident, sunt in culpa qui officia deserunt mollit anim id est laborum.', 'Lorem ipsum dolor sit amet, consectetur adipisicing elit, sed do eiusmod\r\n	tempor incididunt ut labore et dolore magna aliqua. Ut enim ad minim veniam,\r\n	quis nostrud exercitation ullamco laboris nisi ut aliquip ex ea commodo\r\n	consequat. Duis aute irure dolor in reprehenderit in voluptate velit esse\r\n	cillum dolore eu fugiat nulla pariatur. Excepteur sint occaecat cupidatat non\r\n	proident, sunt in culpa qui officia deserunt mollit anim id est laborum.', 0),
(28, 'Niacinamide 10% + Zinc 1%', '600', 5, 'https://d10qoa1dy3vloz.cloudfront.net/resized/680x854/slots-img/ord/ord002_theordinary_niacinamide10_zinc1_1560x1960-41z06.jpg', 'Lorem ipsum dolor sit amet, consectetur adipisicing elit, sed do eiusmod\r\n	tempor incididunt ut labore et dolore magna aliqua. Ut enim ad minim veniam,\r\n	quis nostrud exercitation ullamco laboris nisi ut aliquip ex ea commodo\r\n	consequat. Duis aute irure dolor in reprehenderit in voluptate velit esse\r\n	cillum dolore eu fugiat nulla pariatur. Excepteur sint occaecat cupidatat non\r\n	proident, sunt in culpa qui officia deserunt mollit anim id est laborum.', 'Lorem ipsum dolor sit amet, consectetur adipisicing elit, sed do eiusmod\r\n	tempor incididunt ut labore et dolore magna aliqua. Ut enim ad minim veniam,\r\n	quis nostrud exercitation ullamco laboris nisi ut aliquip ex ea commodo\r\n	consequat. Duis aute irure dolor in reprehenderit in voluptate velit esse\r\n	cillum dolore eu fugiat nulla pariatur. Excepteur sint occaecat cupidatat non\r\n	proident, sunt in culpa qui officia deserunt mollit anim id est laborum.', 'Lorem ipsum dolor sit amet, consectetur adipisicing elit, sed do eiusmod\r\n	tempor incididunt ut labore et dolore magna aliqua. Ut enim ad minim veniam,\r\n	quis nostrud exercitation ullamco laboris nisi ut aliquip ex ea commodo\r\n	consequat. Duis aute irure dolor in reprehenderit in voluptate velit esse\r\n	cillum dolore eu fugiat nulla pariatur. Excepteur sint occaecat cupidatat non\r\n	proident, sunt in culpa qui officia deserunt mollit anim id est laborum.', 0),
(29, '\"Buffet\"', '1350', 5, 'https://d10qoa1dy3vloz.cloudfront.net/resized/680x854/slots-img/ord/ord004_theordinary_buffet_1560x1960-ay4d0.jpg', 'Lorem ipsum dolor sit amet, consectetur adipisicing elit, sed do eiusmod\r\n	tempor incididunt ut labore et dolore magna aliqua. Ut enim ad minim veniam,\r\n	quis nostrud exercitation ullamco laboris nisi ut aliquip ex ea commodo\r\n	consequat. Duis aute irure dolor in reprehenderit in voluptate velit esse\r\n	cillum dolore eu fugiat nulla pariatur. Excepteur sint occaecat cupidatat non\r\n	proident, sunt in culpa qui officia deserunt mollit anim id est laborum.', 'Lorem ipsum dolor sit amet, consectetur adipisicing elit, sed do eiusmod\r\n	tempor incididunt ut labore et dolore magna aliqua. Ut enim ad minim veniam,\r\n	quis nostrud exercitation ullamco laboris nisi ut aliquip ex ea commodo\r\n	consequat. Duis aute irure dolor in reprehenderit in voluptate velit esse\r\n	cillum dolore eu fugiat nulla pariatur. Excepteur sint occaecat cupidatat non\r\n	proident, sunt in culpa qui officia deserunt mollit anim id est laborum.', 'Lorem ipsum dolor sit amet, consectetur adipisicing elit, sed do eiusmod\r\n	tempor incididunt ut labore et dolore magna aliqua. Ut enim ad minim veniam,\r\n	quis nostrud exercitation ullamco laboris nisi ut aliquip ex ea commodo\r\n	consequat. Duis aute irure dolor in reprehenderit in voluptate velit esse\r\n	cillum dolore eu fugiat nulla pariatur. Excepteur sint occaecat cupidatat non\r\n	proident, sunt in culpa qui officia deserunt mollit anim id est laborum.', 0),
(30, 'Matrixyl 10% + HA', '900', 5, 'https://d10qoa1dy3vloz.cloudfront.net/resized/680x854/slots-img/ord/ord014_theordinary_matrixyl10_ha_1560x1960-r5oas.jpg', 'Lorem ipsum dolor sit amet, consectetur adipisicing elit, sed do eiusmod\r\n	tempor incididunt ut labore et dolore magna aliqua. Ut enim ad minim veniam,\r\n	quis nostrud exercitation ullamco laboris nisi ut aliquip ex ea commodo\r\n	consequat. Duis aute irure dolor in reprehenderit in voluptate velit esse\r\n	cillum dolore eu fugiat nulla pariatur. Excepteur sint occaecat cupidatat non\r\n	proident, sunt in culpa qui officia deserunt mollit anim id est laborum.', 'Lorem ipsum dolor sit amet, consectetur adipisicing elit, sed do eiusmod\r\n	tempor incididunt ut labore et dolore magna aliqua. Ut enim ad minim veniam,\r\n	quis nostrud exercitation ullamco laboris nisi ut aliquip ex ea commodo\r\n	consequat. Duis aute irure dolor in reprehenderit in voluptate velit esse\r\n	cillum dolore eu fugiat nulla pariatur. Excepteur sint occaecat cupidatat non\r\n	proident, sunt in culpa qui officia deserunt mollit anim id est laborum.', 'Lorem ipsum dolor sit amet, consectetur adipisicing elit, sed do eiusmod\r\n	tempor incididunt ut labore et dolore magna aliqua. Ut enim ad minim veniam,\r\n	quis nostrud exercitation ullamco laboris nisi ut aliquip ex ea commodo\r\n	consequat. Duis aute irure dolor in reprehenderit in voluptate velit esse\r\n	cillum dolore eu fugiat nulla pariatur. Excepteur sint occaecat cupidatat non\r\n	proident, sunt in culpa qui officia deserunt mollit anim id est laborum.', 0),
(31, 'Alpha Arbutin 2% + HA', '800', 5, 'https://d10qoa1dy3vloz.cloudfront.net/resized/680x854/slots-img/ord/ord013_theordinary_alphaarbutin2ha_1560x1960-j28bl.jpg', 'Lorem ipsum dolor sit amet, consectetur adipisicing elit, sed do eiusmod	tempor incididunt ut labore et dolore magna aliqua. Ut enim ad minim veniam,	quis nostrud exercitation ullamco laboris nisi ut aliquip ex ea commodo	consequat. Duis aute irure dolor in reprehenderit in voluptate velit esse	cillum dolore eu fugiat nulla pariatur. Excepteur sint occaecat cupidatat non	proident, sunt in culpa qui officia deserunt mollit anim id est laborum.', 'Lorem ipsum dolor sit amet, consectetur adipisicing elit, sed do eiusmod	tempor incididunt ut labore et dolore magna aliqua. Ut enim ad minim veniam,	quis nostrud exercitation ullamco laboris nisi ut aliquip ex ea commodo	consequat. Duis aute irure dolor in reprehenderit in voluptate velit esse	cillum dolore eu fugiat nulla pariatur. Excepteur sint occaecat cupidatat non	proident, sunt in culpa qui officia deserunt mollit anim id est laborum.', 'Lorem ipsum dolor sit amet, consectetur adipisicing elit, sed do eiusmod	tempor incididunt ut labore et dolore magna aliqua. Ut enim ad minim veniam,	quis nostrud exercitation ullamco laboris nisi ut aliquip ex ea commodo	consequat. Duis aute irure dolor in reprehenderit in voluptate velit esse	cillum dolore eu fugiat nulla pariatur. Excepteur sint occaecat cupidatat non	proident, sunt in culpa qui officia deserunt mollit anim id est laborum.', 0),
(33, 'dfdf', '125', 3, 'dsfsdfsf', 'sdfsdf', 'sdfsdf', 'sdfsdf', 10);

-- --------------------------------------------------------

--
-- Table structure for table `order_list`
--

CREATE TABLE `order_list` (
  `id` int(11) NOT NULL,
  `items_id` int(11) NOT NULL,
  `quantity` int(11) NOT NULL,
  `reference_number` varchar(255) NOT NULL
) ENGINE=InnoDB DEFAULT CHARSET=latin1;

--
-- Dumping data for table `order_list`
--

INSERT INTO `order_list` (`id`, `items_id`, `quantity`, `reference_number`) VALUES
(1, 0, 0, ''),
(2, 0, 0, ''),
(3, 0, 0, ''),
(4, 0, 0, ''),
(5, 0, 0, ''),
(6, 0, 0, '');

-- --------------------------------------------------------

--
-- Table structure for table `order_status`
--

CREATE TABLE `order_status` (
  `id` int(11) NOT NULL,
  `description` varchar(255) NOT NULL
) ENGINE=InnoDB DEFAULT CHARSET=latin1;

--
-- Dumping data for table `order_status`
--

INSERT INTO `order_status` (`id`, `description`) VALUES
(1, 'released'),
(2, 'pending'),
(3, 'canceled'),
(4, 'returned');

-- --------------------------------------------------------

--
-- Table structure for table `transaction_order`
--

CREATE TABLE `transaction_order` (
  `id` int(11) NOT NULL,
  `user_id` int(11) NOT NULL,
  `transaction_date` varchar(255) NOT NULL,
  `reference_number` varchar(255) NOT NULL
) ENGINE=InnoDB DEFAULT CHARSET=latin1;

--
-- Dumping data for table `transaction_order`
--

INSERT INTO `transaction_order` (`id`, `user_id`, `transaction_date`, `reference_number`) VALUES
(1, 0, '2018-05-21 12:42:31', '8AB16FF396CDA4C9-1526877751'),
(2, 0, '2018-05-21 12:47:42', '1B4CC8BC275D022D-1526878062'),
(3, 0, '2018-05-21 12:55:03', 'D886122E0E7538D8-1526878503'),
(4, 0, '2018-05-21 12:56:34', 'BA680A4657308430-1526878594'),
(5, 0, '2018-05-21 13:48:41', '015812B3809E586F-1526881721'),
(6, 21, '2018-05-21 18:52:34', 'C70B5870481318F0-1526899954'),
(7, 21, '2018-05-21 20:43:16', '4F2C20AA7A6C8356-1526906596'),
(8, 21, '2018-05-21 21:09:42', '56AD93A5E568E5CE-1526908182'),
(9, 21, '2018-06-11 01:45:04', 'DF19D1B52465139E-1528652704');

-- --------------------------------------------------------

--
-- Table structure for table `users`
--

CREATE TABLE `users` (
  `id` int(11) NOT NULL,
  `name` varchar(255) NOT NULL,
  `role` varchar(255) NOT NULL,
  `email` varchar(255) NOT NULL,
  `password` varchar(255) NOT NULL,
  `home_address` varchar(255) NOT NULL,
  `alternative_address` varchar(255) NOT NULL,
  `mobile_number` varchar(255) NOT NULL,
  `credit_card_no` varchar(255) NOT NULL
) ENGINE=InnoDB DEFAULT CHARSET=latin1;

--
-- Dumping data for table `users`
--

INSERT INTO `users` (`id`, `name`, `role`, `email`, `password`, `home_address`, `alternative_address`, `mobile_number`, `credit_card_no`) VALUES
(18, 'Boy', 'admin', 'boiboi@gmail.com', '43b7fdb54ce1a03b49b588dfcd78424ae219e067', 'Makati City', '', '09171234567', '256398'),
(21, 'vheil', '', 'vheil@gmail.com', '320c280c90265a1bf515671c3d363edc6739b11e', 'Pasig City', 'Parañaque', '123456', '7c4a8d09ca3762af61e59520943dc26494f8941b');

--
-- Indexes for dumped tables
--

--
-- Indexes for table `avatar`
--
ALTER TABLE `avatar`
  ADD PRIMARY KEY (`id`);

--
-- Indexes for table `categories`
--
ALTER TABLE `categories`
  ADD PRIMARY KEY (`id`);

--
-- Indexes for table `checkout`
--
ALTER TABLE `checkout`
  ADD PRIMARY KEY (`id`),
  ADD KEY `user_id` (`user_id`),
  ADD KEY `items_id` (`items_id`);

--
-- Indexes for table `checkout_counter`
--
ALTER TABLE `checkout_counter`
  ADD PRIMARY KEY (`order_id`),
  ADD KEY `items_id` (`items_id`),
  ADD KEY `items_id_2` (`items_id`);

--
-- Indexes for table `credit_card_type`
--
ALTER TABLE `credit_card_type`
  ADD PRIMARY KEY (`id`);

--
-- Indexes for table `items`
--
ALTER TABLE `items`
  ADD PRIMARY KEY (`id`),
  ADD KEY `category_id` (`category_id`);

--
-- Indexes for table `order_list`
--
ALTER TABLE `order_list`
  ADD PRIMARY KEY (`id`);

--
-- Indexes for table `order_status`
--
ALTER TABLE `order_status`
  ADD PRIMARY KEY (`id`);

--
-- Indexes for table `transaction_order`
--
ALTER TABLE `transaction_order`
  ADD PRIMARY KEY (`id`);

--
-- Indexes for table `users`
--
ALTER TABLE `users`
  ADD PRIMARY KEY (`id`);

--
-- AUTO_INCREMENT for dumped tables
--

--
-- AUTO_INCREMENT for table `avatar`
--
ALTER TABLE `avatar`
  MODIFY `id` int(11) NOT NULL AUTO_INCREMENT, AUTO_INCREMENT=5;

--
-- AUTO_INCREMENT for table `categories`
--
ALTER TABLE `categories`
  MODIFY `id` int(11) NOT NULL AUTO_INCREMENT, AUTO_INCREMENT=6;

--
-- AUTO_INCREMENT for table `checkout`
--
ALTER TABLE `checkout`
  MODIFY `id` int(11) NOT NULL AUTO_INCREMENT;

--
-- AUTO_INCREMENT for table `checkout_counter`
--
ALTER TABLE `checkout_counter`
  MODIFY `order_id` int(11) NOT NULL AUTO_INCREMENT, AUTO_INCREMENT=5;

--
-- AUTO_INCREMENT for table `credit_card_type`
--
ALTER TABLE `credit_card_type`
  MODIFY `id` int(11) NOT NULL AUTO_INCREMENT, AUTO_INCREMENT=3;

--
-- AUTO_INCREMENT for table `items`
--
ALTER TABLE `items`
  MODIFY `id` int(11) NOT NULL AUTO_INCREMENT, AUTO_INCREMENT=34;

--
-- AUTO_INCREMENT for table `order_list`
--
ALTER TABLE `order_list`
  MODIFY `id` int(11) NOT NULL AUTO_INCREMENT, AUTO_INCREMENT=7;

--
-- AUTO_INCREMENT for table `order_status`
--
ALTER TABLE `order_status`
  MODIFY `id` int(11) NOT NULL AUTO_INCREMENT, AUTO_INCREMENT=5;

--
-- AUTO_INCREMENT for table `transaction_order`
--
ALTER TABLE `transaction_order`
  MODIFY `id` int(11) NOT NULL AUTO_INCREMENT, AUTO_INCREMENT=10;

--
-- AUTO_INCREMENT for table `users`
--
ALTER TABLE `users`
  MODIFY `id` int(11) NOT NULL AUTO_INCREMENT, AUTO_INCREMENT=22;

--
-- Constraints for dumped tables
--

--
-- Constraints for table `checkout`
--
ALTER TABLE `checkout`
  ADD CONSTRAINT `checkout_ibfk_1` FOREIGN KEY (`user_id`) REFERENCES `users` (`id`) ON UPDATE CASCADE,
  ADD CONSTRAINT `checkout_ibfk_2` FOREIGN KEY (`items_id`) REFERENCES `items` (`id`) ON UPDATE CASCADE;

--
-- Constraints for table `items`
--
ALTER TABLE `items`
  ADD CONSTRAINT `items_ibfk_1` FOREIGN KEY (`category_id`) REFERENCES `categories` (`id`) ON UPDATE CASCADE;
COMMIT;

/*!40101 SET CHARACTER_SET_CLIENT=@OLD_CHARACTER_SET_CLIENT */;
/*!40101 SET CHARACTER_SET_RESULTS=@OLD_CHARACTER_SET_RESULTS */;
/*!40101 SET COLLATION_CONNECTION=@OLD_COLLATION_CONNECTION */;
